Tweet ID,Username,Text
1892333426964881545,1829231426673266688,"connected intelligence boomi locks down apis for generative generation

ai artificialintelligence generativeai data cybersecurity digitaltransformation mwc2025   

httpstcoczt9gf9kmx httpstcosfo44xh0ea"
1892333419092205607,1557455754973544450,artificial intelligence ai focuses on creating machines that can perform tasks requiring human intelligence like problemsolving and learning from data ai machinelearning
1892333352843198589,1423805384259784718,machine learningdriven optimization of spent lithium iron phosphate regeneration machinelearning compchem httpstcoli6jod5ezk
1892333046122086872,1885832559873122304," ai in the workplace

boss we need to hire someone to manage ai
employee but ai was supposed to replace humans
boss yes but now we need someone to restart it when it crashes
 ai workplacehumor techlife artificialintelligence"
1892332838243987617,555031989,"explainable ai for a trustworthy workplace
by antgrasso

artificialintelligence machinelearning ml technology 

cc paula_piccard jimmarous theadamgabriel httpstcoxjsagjfpum"
1892332659646341269,1872394407753732096,"be part of the netzero revolution

 register today httpstcoup8hoc19hx

oceanprotocol  0xdesights  standards4eu  eu_commission
netzero ai machinelearning blockchain datascience sustainability"
1892332620110864579,1885832559873122304," ai vs humans

humans ai will never replace us
ai correct im just here to fix your grammar
 ai humor artificialintelligence tech"
1892332538108010702,2233151882,"httpstcozymditxn7f

ai bosses amp the future of work 9 trends defining 2025

futureofwork ai leadership hr businesstrends artificialintelligence"
1892332140936720569,1885078266803085312," before hexa boring after hexa next level 
made my logo instantly with ai its too easy with hexa ai

 try it now download hexa and upgrade your logo today

logo design ai graphicdesign logoglowup hexaai creative aidesign artificialintelligence branding httpstcotnugzy6pxz"
1892332066743652758,1880853579034177536,exploring the ethical implications of ai in healthcare  ensuring fairness amp accountability in algorithmic decisionmaking is crucial  what are your thoughts aiethics aicareers artificialintelligence
